l-aventure-ambigue	uvTnEOfLw1BkgSu92N1j
les-bouts-de-bois-de-dieu	pZUba67Y18vFDDKiTqzX
ethiopiques	4A0ZubNar3EPC6dCUFX5
la-plus-secrete-memoire-des-hommes	37n3Uq5J10lHoUXSLlxW
le-ventre-de-l-atlantique	Finxhpav7haAfnz4JfOY
murambi-le-livre-des-ossements	DwEceJaNdsmeEQl0JdIs
la-greve-des-battu	S55OgMAzQQZoMi4Fr8JW
frere-d-ame	oKE2FS26KxtfjGOfks7e
les-contes-d-amadou-koumba	rpfykmhVUpHC7a3pYotq
le-baobab-fou	M2kCVEOwx9CmWYiO797m
trois-femmes-puissantes	BeG6fz6i8OLmq0sMqqQ6
afrotopia	n9955Y6JDpVWayW06bh3
nations-negres-et-culture	d50wzquXB5BK8L7nFve4
amkoullel-l-enfant-peul	YwmycBM4AzlV5S5jGHu2
l-etrange-destin-de-wangrin	3sFjJAYAK5HosyDoiEyg
le-devoir-de-violence	pGt6cSEweSmlSi0mHQMn
l-enfant-noir	eT3tdMTOuHq7FDgwLbRb
le-roi-de-kahel	LDDuRnl8bJx13ELenJwJ
soundjata-ou-l-epopee-mandingue	jDuD1uMFyzdjxTkeXO7a
les-soleils-des-independances	lr8gWPoJpFr7rlD78R6Q
allah-n-est-pas-oblige	1O3eIRWRRFBPJ8aRT9mJ
reine-pokou	cp3t6aFj4LW8P3vFa88V
climbie	xjxLxO4d7xwFPGLs1lmg
le-pagne-noir	NqiOW9DN7DcQ2g83IXMu
debout-paye	cG9s4lPr41kFKjrptkaq
le-tambour-des-larmes	g4LjXZNiufzM8ldgWwj6
crepuscule-des-temps-anciens	XC0NFdYsNvFs2W6SefO5
un-piege-sans-fin	0AtxbFXlXeVp5TybXdI0
place-des-fetes	YrgCraLWCFy3r6zrgDZ1
le-pauvre-christ-de-bomba	JfwN74arpVugPjD0Vy3t
une-vie-de-boy	Z3YXqwHHG1ErsSSrqY91
les-honneurs-perdus	J2rVFGvw5R0LiXRoakiN
la-saison-de-l-ombre	zLgHKUCQ7IyjFOjt0kCA
les-impatientes	KybDnU93bxLz67fKAPM3
temps-de-chien	bVCQ5Gav9MKK8fBY10H0
les-maquisards	yETofZ6TVEWdGU8XTSXe
critique-de-la-raison-negre	NNSP7Gk1bUdI90TawMgF
memoires-de-porc-epic	LCxkxhQmPdyvkkYWf2Y7
la-vie-et-demie	pnhIS2vJzYfBxfzPpkIp
johnny-chien-mechant	q680Y2pCrGZlL9GELLuw
le-pleurer-rire	xk1Cwm3Qix5b4djE7kuz
congo-inc	WKdxEz9m2vEr9wzW2BES
tram-83	UlR5iAxgpfWf6YCuGikC
notre-dame-du-nil	Pz6YNegFAgJxZSvWwN3i
jacaranda	K6knsmRjTVY1MSRPAYDP
aux-etats-unis-d-afrique	aZVJFlY6FhUcA9dhi3RE
eve-de-ses-decombres	76JuoGZu2ZnFkWWWyU5F
tropique-de-la-violence	cq7DvcQfDmLwOMK9Qg3O
presque-songes	mA9QYfUC96NZtksyImJx
nour-1947	APvnRNmPA9QiIWMqmcMK
anguille-sous-roche	E499jUCZ4tVwJO6UF79D
rever-en-temps-de-guerre	1TNGNtlgm0YUMk9qtdGr
disgrace	ANBAygFt8wGbspXS3FQ3
un-long-chemin-vers-la-liberte	7FS3xh2IZipetDEkf0DG
le-monde-s-effondre	rP6NpMuqWPHOkCvzEiaO
l-autre-moitie-du-soleil	AkTcHxFuQaXiCQRcf3mn
no-home	7y3nBzDtSbiB9xCkosSu
aya-de-yopougon	wetBGBVeWGQjzzFYIO5e
akissi	43MVd4PzDO1ma1GKFAz7
la-vie-de-pahe	8kniNxyM2Pa9mOdfkskL
dipoula	2zmE2dEtD53nEaFsdyc0
petit-joss	Rl2wyYO5GPvE0TlEkUsO
tempete-sur-bangui	E2fG1Z9jBx6bfB9VFa6q
madame-livingstone	fTuodtqJCVRWgHBlYg8U
malamine	ITuSNogogblsBnq0PlEg
rwanda-1994	Jksz8nPA2GpoaJUCDYns
une-eternite-a-tanger	Ciq3zbw5OjBc2HJqSvqq
ake-les-annees-d-enfance	tSaPXzk3KKT46lTSGzsx
paradis	nTBNXHiGtgY9QZydbCFg
pres-de-la-mer	uw9D1DOqECN7HYpzOc7c
terre-somnambule	sLmvusyJqJjS9hx2GaiR
le-bal-des-princes	enacrv0AWMs8KKiTUR6V
solo-d-un-revenant	agUxXGIemLMU7C96i2yM
un-ocean-deux-mers-trois-continents	usZlMN7XM0XKovHvQohA
confidences	Q7ARKhMsUAx50j4PNfsE
la-memoire-amputee	xNOkNENZiqArRsqbmrPM
le-fils-d-agatha-moudio	CQ3TSgOi4UBLIaUsaYJc
tous-tes-enfants-disperses	XWa0VTimQlVqnsHQh53b
