alain-mabanckou	yNIgCtmV51U42n24dt7c
bd-africaines-enfant	xXrbCP8DKlFcjl7CCOMP
classiques-litterature-africaine	cirm4L29j5dAIIaBFCBV
colonisation-point-de-vue-africain	nUZYweAyuS27NB1oex5x
gael-faye	lfKGRjtT6QNLIPpZQOJD
genocide-des-tutsi-rwanda	Om96vsw76doeTOVEyJNM
goncourt-renaudot-auteurs-africains	pS6Nd5BPWEgTPa9o4e6F
grandes-autrices-africaines	iQoFNIXNuNVASnsukXas
histoire-du-senegal	tWbbj2iaoW4utoKQP3IF
livres-africains-a-offrir-noel	8v33CRleJp0Vm2JpeIVN
livres-africains-vacances	r0cOPRA0Yvw0rBcGZxdB
livres-jeunesse-6-10-ans	xT3mIfLi163eAM09THv8
mohamed-mbougar-sarr	ugZHAkEfCfeg4l5nb3rS
negritude	y0BbeEG1kD5J1EPaF6X7
par-quel-livre-commencer	sN8RG2HCChW86xLLKWDy
prix-nobel-litterature-ecrivains-africains	tRJxP20AYcRe8dbinDFN
romans-africains-college	tW7BnXoXd3X9kO5bWNt7
romans-africains-exil-immigration	y5OEa8LE5vIhZfTmNJEB
romans-africains-lycee	tABwKDjf4al6w17liyR0
tirailleurs-senegalais	DwdluQ07hlyDikOt4e1n
